"SBE-ID";"5' Sequenz (in 5'->3')";"Definitiver Hairpin 5'";"SNP Variante";"3' Sequenz (in 5' -> 3')";"Definitiver Hairpin 3'";"PCR Produkt";"Feste Photolinkerposition (leer, wenn egal)";"feste MultiplexID"
170;CACACACACACAGCCCCACACACAGGGG;;CG;;;1;-1; ;
180;ATTTTAGCAGGATGGCCCAATGGAATCAGCTACAGCAGCTT;;ACG;AGCTACAGCAGCTTGACACACGGTACCTGGAGC;;3;-1; ;5_18_8 5_23_9
186;CGCTGCTTGCCGCCTGCAGACGCCGCCAGGCCGAGCCAGTTCCG;;ACG;TGGGGATGGCTTTTTACGTCCGGCCGATCTG;;1;10;Multi2;
187;TTAGCGCACCTGGAAGCGACTTAGATACTGTTCCCATTT;;AC;AGACACAGCAAACTGAGGCTAACGCGAGGCTGAGTAG;;1;-1; ;5_24_11
188;ACTCGAGTTCGGATTCTTGTGTGATTCTGGGCAAATGA;;AT;AATGACTTAAATTATCTGCGCCTC;;1;11;Multi2;
189;AGTATGATAATACTCAGTCTGTGGGGCTTCTTATTTGCTTATTCCATCATCA;;AT;TCCTGCTTGATGTCTTTGCCTATGCACAATCATA;;1;9;Multiplex1;
203;CAGTCAATGGAGGAATCCCATATT;;CT;;;3;8; ;
215;CACCTAAACTTGGGAGAACATTGT;;CT;;;3;12; ;
222;CCTCCGTTGTTCTCAGGGA;;CT;;;3;14; ;
241;GAGACAGGGTCTCGCTATGTCAC;;CG;;;3;15; ;
242;GGAGGCTGAACCCCGTCC;;CT;;;3;9; ;
243;GACAGGAAGGGAACAGAGAGGAA;;CT;;;3;9; ;
244;GGACCTGCTCCCAGGACTGA;;CT;;;3;12;Multiplex1;
250;CTCAGGACTACGCCGGATT;;CT;;;3;-1; ;
251;GGAAAATGAGATCAGGAGATAAAG;;GT;;;3;-1; ;
252;CTGTGTGCCAGAAGATTTTTAAAC;;CT;;;3;-1; ;
253;TGCTGCCTGTCAGGACACAC;;CT;;;3;14;Multiplex1;
254;GTTTCTTAAATTTCCTTGGGAAC;;CG;;;3;-1; ;
155;CAGTACGTACCCAAGTTGTTGGG;;CT;;;1;-1; ;
